president,term
Milei,recuperacion economica
Milei,asistencia social
Milei,industria nacional
Milei,industria nacional
Milei,asistencia social
Milei,industria nacional
Milei,salario real
Milei,asignacion universal
Milei,estado presente
Milei,estado presente
Milei,subsidios
Milei,subsidios
Milei,subsidios
Milei,subsidios
Milei,obra publica
Milei,derechos sociales
Milei,sectores vulnerables
Milei,aumento del gasto
Milei,recuperacion economica
Milei,salario real
Milei,estado presente
Milei,mercado interno
Milei,subsidios
Milei,salario real
Milei,salario real
Milei,financiamiento externo
Milei,recuperacion economica
Milei,aumento del gasto
Milei,derechos sociales
Milei,derechos sociales
Milei,derechos sociales
Milei,estado presente
Milei,subsidios
Milei,bienestar social
Milei,tarjeta alimentar
Milei,estado presente
Milei,subsidios
Milei,obra publica
Milei,subsidios
Milei,obra publica
Milei,obra publica
Milei,estado presente
Milei,salario real
Milei,tarjeta alimentar
Milei,proteger a los vulnerables
Milei,subsidios
Milei,asistencia social
Milei,estado presente
Milei,obra publica
Milei,asistencia social
Milei,subsidios
Milei,aumento del gasto
Milei,asistencia social
Milei,bienestar social
Milei,obra publica
Milei,aumento del gasto
Milei,obra publica
Milei,subsidios
Milei,salario real
Milei,recuperacion economica
Milei,tarjeta alimentar
Milei,tarjeta alimentar
Milei,obra publica
Milei,politica fiscal expansiva
Milei,salario real
Milei,tarjeta alimentar
Milei,asignacion universal
Milei,subsidios
Milei,estado presente
Milei,estado presente
Milei,salario real
Milei,subsidios
Milei,estado presente
Milei,mercado interno
Milei,tarjeta alimentar
Milei,asignacion universal
Milei,obra publica
Milei,deuda externa
Milei,estado presente
Milei,gasto social
Milei,tarjeta alimentar
Milei,asignacion universal
Milei,obra publica
Milei,obra publica
Milei,salario real
Milei,obra publica
Milei,salario real
Milei,aumento del gasto
Milei,tarjeta alimentar
Milei,asignacion universal
Milei,salario real
Milei,aumento del gasto
Milei,gasto social
Milei,salario real
Milei,deuda externa
Milei,financiamiento del deficit
Milei,tarjeta alimentar
Milei,asignacion universal
Milei,recuperacion economica
Milei,estado presente
Milei,subsidios
Milei,sustitucion de importaciones
Milei,subsidios
Milei,deuda externa
Milei,salario real
Milei,deuda externa
Milei,salario real
Milei,deuda externa
Milei,salario real
Milei,estado presente
Milei,salario real
Milei,obra publica
Milei,subsidios
Milei,inclusion social
Milei,subsidios
Milei,deuda externa
Milei,salario real
Milei,asignacion universal
Milei,aumento del gasto
Milei,deuda externa
Milei,estado presente
Milei,deuda externa
Milei,obra publica
Milei,tarjeta alimentar
Milei,obra publica
Milei,gasto social
Milei,tarjeta alimentar
Milei,deuda externa
Milei,obra publica
Milei,tarjeta alimentar
Milei,estado presente
Milei,redistribucion del ingreso
Milei,obra publica
Milei,redistribucion del ingreso
Milei,obra publica
Milei,obra publica
Milei,obra publica
Milei,tarjeta alimentar
Milei,asignacion universal
Milei,estado presente
Milei,obra publica
Milei,tarjeta alimentar
Milei,obra publica
Milei,salario real
Milei,estado presente
Milei,asistencia social
Milei,estado presente
Milei,estado presente
Milei,obra publica
Milei,asistencia social
Milei,asistencia social
Milei,tarjeta alimentar
Milei,asignacion universal
Milei,subsidios
Milei,financiamiento del deficit
AF,seguridad social
AF,obra publica
AF,estado presente
AF,produccion nacional
AF,obra publica
AF,deuda externa
AF,subsidios
AF,estado presente
AF,tarjeta alimentar
AF,estado presente
AF,deuda externa
AF,seguridad social
AF,subsidios
AF,obra publica
AF,obra publica
AF,mercado interno
AF,subsidios
AF,recuperacion economica
AF,sustitucion de importaciones
AF,aporte extraordinario
AF,seguridad social
AF,asistencia social
AF,obra publica
AF,salario real
AF,paritarias
AF,paritarias
AF,industria nacional
AF,sustitucion de importaciones
AF,seguridad social
AF,tarjeta alimentar
AF,industria nacional
AF,industria nacional
AF,industria nacional
AF,obra publica
AF,obra publica
AF,mercado interno
AF,paritarias
AF,salario real
AF,obra publica
AF,estado presente
AF,obra publica
AF,deuda externa
AF,salario real
AF,salario real
AF,salario real
AF,tarjeta alimentar
AF,salario real
AF,deuda externa
AF,recuperacion economica
AF,recuperacion economica
AF,proteccion social
AF,paritarias
AF,tarjeta alimentar
AF,tarjeta alimentar
AF,salario real
AF,deuda externa
AF,incremento del gasto
AF,reestructuracion de la deuda
AF,deuda externa
AF,recuperacion economica
AF,subsidios
AF,obra publica
AF,proteccion social
AF,deuda externa
AF,obra publica
AF,gasto social
AF,recuperacion economica
AF,salario real
AF,obra publica
AF,recuperacion economica
AF,deuda externa
AF,deuda externa
AF,deuda externa
AF,reestructuracion de la deuda
AF,deuda externa
AF,deuda externa
AF,deuda externa
AF,salario real
AF,salario real
AF,salario real
AF,paritarias
AF,salario real
AF,obra publica
AF,deuda externa
AF,salario real
AF,estado presente
AF,deuda externa
AF,salario real
AF,tarjeta alimentar
AF,asignacion universal
AF,tarjeta alimentar
AF,asignacion universal
AF,obra publica
AF,inversion publica
AF,obra publica
AF,subsidios
AF,deuda externa
AF,deuda externa
AF,obra publica
AF,obra publica
AF,tarjeta alimentar
AF,programa de recuperacion
AF,aporte extraordinario
AF,tarjeta alimentar
AF,asignacion universal
AF,tarjeta alimentar
AF,tarjeta alimentar
AF,asignacion universal
AF,tarjeta alimentar
AF,tarjeta alimentar
AF,programa de recuperacion
AF,asignacion universal
AF,tarjeta alimentar
AF,deuda externa
AF,inversion publica
AF,obra publica
AF,recuperacion economica
AF,subsidios
AF,salario real
AF,inclusion social
AF,reestructuracion de la deuda
AF,obra publica
AF,salario real
AF,inversion publica
AF,obra publica
AF,asistencia social
AF,inclusion social
AF,tarjeta alimentar
AF,asignacion universal
AF,inversion en infraestructura
AF,deuda externa
AF,asignacion universal
AF,obra publica
AF,produccion nacional
AF,reestructuracion de la deuda
AF,reactivacion economica
AF,reestructuracion de la deuda
AF,crecimiento inclusivo
AF,salario real
AF,tarjeta alimentar
AF,asignacion universal
AF,asignacion universal
AF,tarjeta alimentar
AF,tarjeta alimentar
AF,deuda sostenible
Macri,estado presente
Macri,mercado interno
Macri,deuda externa
Macri,obra publica
Macri,subsidios
Macri,obra publica
Macri,industria nacional
Macri,asignacion universal
Macri,inversion social
Macri,financiamiento externo
Macri,asignacion universal
Macri,asignacion universal
Macri,financiamiento externo
Macri,paritarias
Macri,paritarias
Macri,subsidios
Macri,financiamiento externo
Macri,sectores vulnerables
Macri,subsidios
Macri,subsidios
Macri,subsidios
Macri,obra publica
Macri,obra publica
Macri,seguridad social
Macri,obra publica
Macri,asignacion universal
Macri,asignacion universal
Macri,obra publica
Macri,obra publica
Macri,gasto social
Macri,asignacion universal
Macri,obra publica
Macri,asignacion universal
Macri,asignacion universal
Macri,inclusion social
Macri,asignacion universal
Macri,asignacion universal
Macri,asignacion universal
Macri,asignacion universal
Macri,mayor gasto publico
Macri,inversion publica
